pno,name,pdate,amount
1,강감찬,2023-08-27,1000
2,김유신,2023-03-07,95000
3,홍길자,2023-08-12,40000
4,홍길동,2023-08-30,72000
5,유관순,2023-06-24,368000
6,유관순,2023-08-07,255000
7,이유신,2023-03-21,373000
8,강감찬,2023-06-29,33000
9,홍길순,2023-07-24,237000
10,홍길동,2023-01-01,193000
11,홍길순,2024-03-30,62000
12,강감순,2023-10-26,215000
13,홍길순,2023-12-30,285000
14,홍길동,2024-01-06,131000
15,김구,2023-09-28,68000
16,홍길자,2024-03-26,228000
17,유관순,2023-07-14,141000
18,강감찬,2023-07-07,104000
19,강감순,2023-08-04,100000
20,홍길동,2023-02-03,179000
21,홍길동,2024-01-17,378000
22,홍길자,2023-10-04,77000
23,홍길동,2024-04-15,98000
24,이유신,2023-03-18,37000
25,이순신,2024-04-16,161000
26,홍길자,2023-02-20,225000
27,이유신,2023-10-08,251000
28,이유신,2023-07-09,32000
29,강감찬,2023-02-09,231000
30,이순신,2023-11-28,24000
31,김유신,2023-01-23,18000
32,강감순,2024-03-08,144000
33,홍길동,2023-10-16,101000
34,홍길자,2023-10-19,27000
35,강감찬,2023-02-03,16000
36,강감순,2024-04-05,247000
37,홍길동,2023-02-11,200000
38,홍길자,2023-01-23,47000
39,홍길동,2023-06-10,42000
40,이유신,2023-06-14,17000
41,김구,2023-03-17,233000
42,김유신,2024-03-26,151000
43,유관순,2023-01-06,173000
44,김유신,2023-08-31,202000
45,이유신,2023-07-25,143000
46,홍길자,2023-01-08,119000
47,유관순,2024-01-06,49000
48,강감순,2023-02-24,231000
49,홍길자,2023-12-21,289000
50,김구,2023-07-16,377000
51,유관순,2024-03-05,254000
52,이순신,2023-04-28,296000
53,강감찬,2023-08-04,66000
54,이순신,2024-04-24,131000
55,유관순,2024-04-07,378000
56,강감찬,2024-03-16,221000
57,김유신,2023-07-22,383000
58,김유신,2023-07-19,61000
59,강감순,2024-03-27,16000
60,김구,2023-06-29,317000
61,김유신,2023-03-20,216000
62,강감찬,2023-01-15,94000
63,홍길자,2023-04-28,77000
64,이유신,2024-04-07,337000
65,김유신,2024-01-26,219000
66,홍길동,2024-03-20,268000
67,유관순,2023-09-01,87000
68,홍길자,2023-11-01,28000
69,이유신,2024-01-02,238000
70,홍길동,2023-08-12,111000
71,김유신,2023-10-25,90000
72,홍길동,2023-06-18,173000
73,이유신,2023-10-14,299000
74,김유신,2024-03-07,265000
75,김유신,2023-01-13,351000
76,홍길순,2023-11-16,224000
77,이유신,2023-07-21,204000
78,홍길순,2023-01-06,67000
79,김구,2024-04-24,229000
80,이유신,2024-04-25,287000
81,홍길자,2023-09-20,236000
82,이유신,2023-12-26,18000
83,유관순,2024-03-19,153000
84,김유신,2023-12-07,173000
85,홍길순,2023-02-11,345000
86,이순신,2024-01-26,80000
87,강감찬,2023-01-30,185000
88,강감찬,2023-10-04,219000
89,김유신,2023-08-31,32000
90,홍길동,2023-07-22,248000
91,이순신,2023-03-08,8000
92,강감순,2024-02-08,316000
93,강감찬,2023-06-08,121000
94,강감찬,2023-10-19,313000
95,이유신,2023-04-13,131000
96,이유신,2024-04-06,19000
97,홍길순,2024-04-09,357000
98,김유신,2023-11-04,157000
99,강감순,2024-02-12,227000
100,홍길자,2024-01-30,212000
101,김구,2023-07-05,392000
102,김유신,2023-10-31,224000
103,강감순,2023-01-24,262000
104,홍길순,2023-02-18,390000
105,홍길동,2023-09-29,399000
106,홍길동,2023-01-22,120000
107,홍길동,2023-08-22,347000
108,홍길자,2024-01-16,78000
109,홍길순,2023-10-05,162000
110,강감순,2023-07-28,395000
111,홍길자,2024-02-16,191000
112,김유신,2023-08-01,102000
113,홍길순,2023-07-08,174000
114,이유신,2024-01-20,274000
115,강감순,2024-01-05,176000
116,유관순,2023-01-24,180000
117,홍길자,2024-03-08,292000
118,이유신,2023-11-25,348000
119,홍길순,2023-08-03,104000
120,유관순,2024-02-13,208000
121,김유신,2024-03-31,205000
122,이유신,2024-01-02,399000
123,홍길자,2023-01-19,231000
124,유관순,2024-03-02,71000
125,강감순,2024-03-21,297000
126,홍길동,2024-04-17,143000
127,유관순,2023-02-05,327000
128,유관순,2023-01-19,53000
129,김유신,2023-12-06,114000
130,홍길자,2023-12-27,259000
131,김구,2023-04-11,311000
132,김유신,2024-01-12,167000
133,유관순,2023-01-10,294000
134,유관순,2024-01-25,375000
135,홍길동,2023-05-15,266000
136,이순신,2023-02-16,294000
137,김구,2023-07-10,311000
138,홍길순,2023-10-06,177000
139,유관순,2023-09-18,330000
140,강감찬,2023-08-10,26000
141,유관순,2023-03-27,370000
142,홍길순,2023-02-12,186000
143,이순신,2024-01-26,8000
144,김유신,2023-05-07,105000
145,김유신,2023-10-10,307000
146,강감찬,2023-11-12,294000
147,강감찬,2023-06-16,279000
148,홍길동,2023-03-11,320000
149,김유신,2023-09-04,139000
150,김유신,2023-07-07,342000
151,이순신,2023-08-03,100000
152,이유신,2023-06-21,181000
153,이순신,2024-04-09,212000
154,김유신,2023-10-29,387000
155,강감찬,2023-03-22,29000
156,강감순,2024-02-21,209000
157,유관순,2023-12-28,198000
158,홍길순,2023-02-28,387000
159,이유신,2023-09-19,297000
160,김유신,2023-01-29,140000
161,홍길동,2023-05-12,16000
162,홍길순,2024-02-10,385000
163,이순신,2024-04-25,210000
164,유관순,2023-08-08,172000
165,이유신,2023-04-07,228000
166,홍길동,2023-08-22,329000
167,유관순,2024-01-07,263000
168,이유신,2023-04-22,22000
169,유관순,2023-10-22,238000
170,이순신,2023-02-17,366000
171,이순신,2023-02-06,272000
172,이순신,2023-01-17,11000
173,홍길자,2024-03-12,299000
174,강감찬,2024-01-25,295000
175,김유신,2023-05-24,172000
176,이유신,2023-10-16,68000
177,강감찬,2024-01-23,332000
178,강감순,2023-10-07,117000
179,김구,2024-04-14,397000
180,이유신,2023-09-25,210000
181,홍길자,2023-03-29,233000
182,홍길동,2023-12-23,95000
183,이유신,2023-02-12,226000
184,이유신,2024-01-19,120000
185,강감찬,2023-05-21,260000
186,홍길순,2024-03-09,186000
187,홍길자,2023-10-12,271000
188,강감찬,2023-09-03,295000
189,유관순,2023-10-07,294000
190,강감순,2023-08-12,75000
191,이순신,2023-11-12,201000
192,홍길자,2023-09-12,288000
193,강감찬,2024-03-06,303000
194,유관순,2024-03-25,374000
195,강감찬,2023-06-25,68000
196,김유신,2023-10-20,275000
197,강감순,2024-03-31,273000
198,김유신,2023-06-20,370000
199,홍길동,2024-02-11,243000
200,유관순,2023-04-20,104000
201,홍길순,2023-12-06,342000
202,김구,2023-03-15,96000
203,김유신,2024-02-23,28000
204,홍길동,2023-09-16,38000
205,유관순,2023-10-10,177000
206,강감순,2023-02-03,35000
207,강감순,2023-01-26,116000
208,김유신,2023-11-16,176000
209,강감찬,2023-04-08,22000
210,이순신,2023-10-10,378000
211,홍길동,2024-03-09,228000
212,김구,2023-10-14,82000
213,홍길자,2024-03-02,110000
214,이순신,2023-04-27,8000
215,홍길순,2023-02-09,201000
216,홍길순,2023-06-06,155000
217,김유신,2024-01-29,20000
218,유관순,2023-02-22,38000
219,홍길자,2023-07-06,189000
220,홍길동,2023-09-03,195000
221,김유신,2023-02-01,121000
222,이유신,2024-02-14,9000
223,김유신,2023-12-26,108000
224,강감찬,2023-11-26,121000
225,홍길순,2024-01-02,324000
226,홍길자,2024-04-17,104000
227,이유신,2023-01-23,384000
228,강감찬,2023-01-08,138000
229,김유신,2024-03-09,26000
230,이순신,2023-05-11,183000
231,홍길순,2023-05-13,64000
232,홍길동,2023-09-21,194000
233,홍길순,2024-02-24,278000
234,홍길자,2024-03-16,193000
235,유관순,2023-07-31,93000
236,강감순,2023-08-10,358000
237,홍길자,2023-12-20,244000
238,홍길자,2023-05-20,328000
239,김유신,2024-03-10,12000
240,유관순,2023-12-12,25000
241,홍길동,2024-01-27,305000
242,김유신,2023-10-24,346000
243,강감순,2024-02-12,125000
244,강감순,2023-08-21,98000
245,유관순,2023-06-09,104000
246,김유신,2023-10-21,71000
247,홍길동,2024-04-14,36000
248,강감순,2023-08-04,213000
249,이순신,2023-08-10,132000
250,홍길동,2023-10-23,55000
251,강감찬,2023-06-26,32000
252,김구,2023-01-16,21000
253,김구,2023-10-23,201000
254,이유신,2023-11-20,177000
255,홍길동,2023-02-11,104000
256,김구,2023-02-03,341000
257,김구,2023-05-27,119000
258,홍길자,2023-09-29,56000
259,유관순,2024-01-30,331000
260,김유신,2023-06-05,136000
261,유관순,2023-09-29,370000
262,유관순,2023-07-04,91000
263,유관순,2024-02-17,348000
264,홍길자,2023-05-24,159000
265,홍길동,2023-06-26,391000
266,홍길자,2023-04-06,368000
267,강감순,2023-04-06,3000
268,강감순,2023-04-23,210000
269,홍길동,2023-06-19,400000
270,강감순,2023-12-22,310000
271,강감순,2023-07-16,316000
272,김유신,2023-08-24,305000
273,홍길자,2023-03-01,126000
274,홍길순,2023-03-20,328000
275,이유신,2023-02-23,102000
276,홍길자,2023-07-01,263000
277,이순신,2023-08-03,361000
278,유관순,2024-01-17,292000
279,김구,2024-03-29,254000
280,홍길동,2024-01-01,124000
281,강감찬,2023-08-08,234000
282,김구,2024-04-04,72000
283,김구,2023-01-23,236000
284,이유신,2024-03-24,137000
285,유관순,2024-02-09,370000
286,홍길순,2023-03-14,330000
287,이유신,2023-08-11,224000
288,홍길동,2024-01-22,84000
289,강감순,2023-08-07,82000
290,강감순,2023-12-24,216000
291,강감순,2023-01-18,234000
292,홍길순,2023-11-05,289000
293,이유신,2023-07-14,94000
294,유관순,2023-02-10,73000
295,홍길자,2023-07-14,383000
296,김구,2023-03-21,41000
297,김유신,2024-02-14,142000
298,이순신,2023-12-13,237000
299,강감순,2023-11-26,68000
300,홍길순,2023-08-21,331000
301,홍길순,2023-08-05,171000
302,김구,2023-03-06,284000
303,홍길동,2023-07-27,364000
304,강감순,2024-01-07,49000
305,유관순,2023-06-29,384000
306,김유신,2023-12-07,74000
307,홍길순,2024-04-22,366000
308,홍길자,2023-08-15,314000
309,홍길자,2023-04-07,140000
310,김구,2023-06-22,339000
311,강감찬,2024-03-04,218000
312,홍길동,2024-01-05,110000
313,강감찬,2024-04-08,96000
314,강감찬,2024-01-05,100000
315,홍길동,2023-09-14,156000
316,홍길순,2023-02-07,397000
317,유관순,2023-05-06,81000
318,홍길순,2023-12-05,191000
319,유관순,2023-10-17,213000
320,이유신,2023-06-10,93000
321,홍길순,2023-02-20,317000
322,유관순,2024-01-05,367000
323,강감찬,2023-09-18,122000
324,홍길순,2023-03-10,99000
325,유관순,2023-11-25,133000
326,김유신,2023-12-30,390000
327,홍길동,2023-04-22,374000
328,김구,2024-03-25,22000
329,강감찬,2023-04-13,154000
330,강감순,2023-01-23,48000
331,이유신,2023-07-19,282000
332,홍길자,2024-03-08,290000
333,김구,2023-05-12,398000
334,김유신,2024-01-03,197000
335,유관순,2024-02-20,25000
336,김구,2023-02-28,89000
337,김유신,2023-05-30,59000
338,이순신,2023-06-10,176000
339,이유신,2023-11-13,367000
340,김유신,2023-04-29,215000
341,강감찬,2023-08-13,384000
342,홍길동,2023-05-25,71000
343,이순신,2024-03-28,320000
344,유관순,2023-01-18,377000
345,김유신,2024-03-20,178000
346,강감순,2023-03-19,249000
347,홍길자,2023-08-29,79000
348,강감순,2023-05-20,205000
349,홍길순,2023-12-03,59000
350,강감순,2023-02-25,319000
351,홍길자,2024-04-14,110000
352,홍길순,2024-03-25,193000
353,강감찬,2023-09-08,248000
354,홍길순,2023-11-27,228000
355,강감찬,2023-04-09,6000
356,홍길순,2024-04-12,316000
357,유관순,2024-02-18,65000
358,김유신,2023-12-18,318000
359,홍길동,2023-01-16,205000
360,김유신,2023-09-03,30000
361,강감순,2024-04-02,104000
362,이유신,2023-04-17,371000
363,홍길동,2024-02-14,159000
364,유관순,2024-02-14,373000
365,유관순,2023-01-25,202000
366,김구,2023-01-02,240000
367,이유신,2024-03-01,65000
368,김구,2023-10-01,226000
369,유관순,2023-10-24,286000
370,홍길자,2023-08-09,77000
371,홍길동,2023-12-29,192000
372,홍길순,2024-01-28,334000
373,홍길동,2023-04-20,269000
374,유관순,2023-03-06,179000
375,홍길자,2023-04-22,259000
376,홍길동,2023-07-21,392000
377,김유신,2023-09-11,366000
378,홍길자,2023-05-15,296000
379,강감찬,2023-01-16,273000
380,김구,2023-07-23,127000
381,유관순,2023-12-22,30000
382,김유신,2023-08-05,286000
383,홍길자,2023-04-08,30000
384,유관순,2023-06-23,189000
385,홍길동,2023-09-14,385000
386,이순신,2024-02-12,339000
387,홍길자,2024-03-23,256000
388,홍길동,2023-11-11,21000
389,홍길자,2023-06-03,321000
390,이순신,2023-09-18,154000
391,홍길자,2023-12-07,368000
392,강감찬,2023-10-18,215000
393,홍길순,2023-11-06,264000
394,김구,2023-03-12,302000
395,홍길동,2023-07-26,312000
396,이유신,2024-04-14,68000
397,김구,2023-03-27,2000
398,김유신,2024-03-04,275000
399,김구,2023-09-16,339000
400,강감찬,2023-11-08,48000
401,김구,2023-02-03,362000
402,김유신,2023-06-27,166000
403,김구,2023-06-20,240000
404,강감순,2023-05-26,120000
405,김구,2023-10-14,91000
406,이유신,2023-03-14,224000
407,이순신,2023-01-31,395000
408,김구,2023-11-21,365000
409,김구,2023-07-13,25000
410,강감찬,2023-03-11,93000
411,강감순,2023-05-22,358000
412,강감순,2024-02-19,316000
413,강감찬,2023-08-07,177000
414,유관순,2023-02-10,300000
415,홍길자,2023-12-20,82000
416,김유신,2023-08-24,323000
417,이유신,2023-04-18,201000
418,김유신,2024-02-25,371000
419,이유신,2023-04-28,14000
420,김유신,2024-01-06,371000
421,유관순,2023-06-21,322000
422,김구,2023-03-13,118000
423,홍길자,2023-08-03,270000
424,강감순,2023-09-14,162000
425,홍길자,2023-03-20,112000
426,유관순,2023-03-29,14000
427,강감찬,2023-07-04,178000
428,김유신,2023-05-28,122000
429,이유신,2024-02-15,50000
430,김유신,2023-11-05,65000
431,김구,2023-11-22,264000
432,이유신,2023-09-17,82000
433,홍길순,2024-03-28,243000
434,강감순,2023-06-13,348000
435,강감순,2023-03-23,219000
436,유관순,2023-12-12,304000
437,김유신,2023-06-06,70000
438,강감찬,2023-01-06,270000
439,강감순,2023-09-21,58000
440,유관순,2024-02-11,168000
441,김구,2023-09-05,224000
442,유관순,2023-04-05,350000
443,이유신,2023-06-06,108000
444,홍길순,2023-04-02,296000
445,강감순,2023-10-24,392000
446,유관순,2023-09-13,238000
447,강감찬,2023-06-17,337000
448,김구,2023-08-03,78000
449,홍길순,2023-05-03,65000
450,홍길자,2024-03-20,194000
451,유관순,2023-11-03,383000
452,강감찬,2024-03-03,79000
453,홍길순,2023-04-16,47000
454,홍길자,2024-04-15,79000
455,김구,2024-01-01,297000
456,홍길자,2023-02-22,220000
457,홍길자,2023-02-15,363000
458,홍길순,2023-11-29,312000
459,김구,2023-08-20,13000
460,홍길순,2023-05-16,75000
461,홍길자,2023-03-25,316000
462,강감순,2023-10-25,203000
463,유관순,2023-09-22,264000
464,이순신,2023-11-12,14000
465,강감찬,2023-10-27,290000
466,김유신,2023-03-27,23000
467,강감찬,2023-04-15,353000
468,김유신,2023-04-13,161000
469,이순신,2024-02-12,297000
470,이순신,2024-01-27,164000
471,이유신,2023-03-16,107000
472,강감순,2023-06-28,87000
473,강감순,2023-09-09,310000
474,김유신,2023-07-10,213000
475,이유신,2023-01-20,278000
476,이순신,2023-08-12,225000
477,이순신,2023-11-05,395000
478,홍길동,2024-04-09,240000
479,김유신,2023-05-09,162000
480,강감찬,2023-05-22,309000
481,유관순,2024-01-30,372000
482,홍길동,2024-01-12,396000
483,홍길동,2023-08-15,129000
484,홍길자,2023-04-27,225000
485,홍길자,2024-02-03,114000
486,강감순,2023-02-01,291000
487,강감순,2023-02-09,124000
488,유관순,2024-03-03,335000
489,홍길동,2023-09-04,288000
490,홍길자,2023-08-12,380000
491,이유신,2024-01-29,155000
492,이순신,2023-03-14,335000
493,홍길동,2023-05-01,289000
494,강감찬,2023-01-29,261000
495,이유신,2024-01-08,212000
496,홍길순,2023-02-23,185000
497,홍길순,2023-08-20,88000
498,김구,2024-04-01,244000
499,이순신,2023-08-16,310000
500,홍길자,2024-01-26,21000
501,홍길자,2023-12-06,348000
502,이유신,2023-08-16,193000
503,홍길자,2023-09-28,281000
504,이순신,2023-12-27,351000
505,홍길동,2023-01-16,240000
506,홍길순,2023-12-12,129000
507,김구,2024-03-06,363000
508,강감순,2024-03-30,189000
509,홍길자,2023-01-02,5000
510,홍길순,2023-06-21,283000
511,강감찬,2023-11-24,234000
512,홍길순,2024-04-17,309000
513,홍길자,2024-04-12,129000
514,김유신,2023-09-23,400000
515,이순신,2023-06-07,277000
516,강감찬,2023-05-04,154000
517,강감순,2023-12-13,18000
518,이유신,2023-08-05,212000
519,김유신,2023-04-02,134000
520,강감찬,2023-10-02,238000
521,김구,2023-07-16,275000
522,김구,2024-02-26,24000
523,이유신,2023-08-12,123000
524,강감순,2023-06-27,79000
525,김유신,2023-12-01,47000
526,홍길자,2023-09-07,7000
527,김구,2023-01-01,259000
528,김구,2024-01-06,375000
529,홍길순,2023-05-18,174000
530,김구,2023-07-04,207000
531,이유신,2023-03-24,209000
532,홍길자,2023-12-25,61000
533,이유신,2023-01-20,90000
534,홍길동,2023-04-23,113000
535,홍길순,2024-04-24,218000
536,김구,2023-08-19,336000
537,강감찬,2023-05-31,7000
538,김구,2023-03-04,90000
539,강감찬,2024-02-16,6000
540,홍길자,2023-05-11,116000
541,홍길동,2024-01-01,356000
542,강감순,2023-05-17,339000
543,홍길자,2023-08-01,365000
544,유관순,2024-02-16,133000
545,강감찬,2024-01-31,155000
546,강감찬,2024-02-27,347000
547,강감순,2023-01-30,267000
548,강감찬,2023-12-04,356000
549,유관순,2023-10-17,74000
550,유관순,2023-09-07,303000
551,홍길동,2023-05-14,190000
552,홍길순,2023-10-25,321000
553,이유신,2024-02-02,264000
554,홍길순,2023-04-01,146000
555,김구,2024-04-01,141000
556,강감순,2023-05-29,13000
557,홍길동,2023-02-02,200000
558,강감순,2023-07-18,9000
559,김유신,2023-12-25,22000
560,유관순,2023-03-28,206000
561,홍길자,2023-04-28,261000
562,홍길자,2024-03-21,63000
563,강감순,2024-02-10,393000
564,이유신,2023-10-07,274000
565,홍길자,2024-01-07,312000
566,이순신,2024-02-01,347000
567,김유신,2023-10-15,21000
568,김구,2023-08-13,247000
569,강감순,2023-07-30,264000
570,김구,2023-08-07,57000
571,유관순,2023-05-09,332000
572,유관순,2023-08-26,73000
573,강감찬,2024-04-15,308000
574,유관순,2023-04-26,217000
575,이유신,2024-03-16,112000
576,김구,2023-12-13,300000
577,이유신,2023-06-07,349000
578,이유신,2023-10-06,20000
579,홍길자,2023-01-20,12000
580,유관순,2024-02-12,370000
581,홍길순,2024-04-06,206000
582,김유신,2023-07-23,19000
583,이유신,2023-11-23,173000
584,이순신,2023-07-12,35000
585,강감찬,2023-10-22,109000
586,김구,2024-02-25,166000
587,홍길순,2024-01-16,318000
588,홍길동,2024-04-27,25000
589,유관순,2023-07-15,297000
590,유관순,2023-11-02,300000
591,홍길자,2023-08-17,249000
592,강감찬,2023-05-21,305000
593,유관순,2023-01-02,241000
594,유관순,2023-01-26,338000
595,김유신,2023-02-28,316000
596,강감찬,2024-01-10,194000
597,홍길순,2023-11-10,90000
598,강감순,2023-07-21,190000
599,홍길순,2024-02-05,350000
600,유관순,2024-01-31,160000
601,강감순,2023-05-25,205000
602,이유신,2023-10-01,308000
603,홍길순,2023-10-10,317000
604,이순신,2023-03-24,209000
605,김유신,2023-09-21,349000
606,이유신,2023-01-19,382000
607,김구,2023-04-15,384000
608,강감순,2024-01-04,295000
609,이순신,2024-01-07,31000
610,유관순,2023-03-20,379000
611,김유신,2023-10-18,312000
612,강감찬,2024-02-02,285000
613,홍길순,2023-09-27,97000
614,이유신,2023-06-26,132000
615,이유신,2024-03-05,177000
616,강감찬,2023-07-18,8000
617,홍길자,2023-01-17,224000
618,김구,2023-01-10,265000
619,강감찬,2023-02-08,301000
620,홍길자,2023-12-05,8000
621,이유신,2023-03-29,320000
622,홍길동,2024-01-01,282000
623,이유신,2023-05-02,88000
624,유관순,2024-02-18,146000
625,이유신,2023-10-05,315000
626,홍길자,2023-10-10,94000
627,유관순,2024-03-22,79000
628,김유신,2024-01-23,214000
629,김구,2023-02-24,273000
630,이유신,2023-08-05,83000
631,유관순,2023-05-01,13000
632,홍길순,2023-10-14,156000
633,홍길순,2023-07-16,359000
634,김유신,2024-03-27,259000
635,홍길동,2023-09-03,355000
636,이유신,2023-11-16,300000
637,홍길동,2023-01-07,366000
638,김유신,2023-01-26,55000
639,홍길동,2023-01-01,72000
640,이순신,2023-11-20,382000
641,이순신,2024-02-09,277000
642,유관순,2023-06-17,384000
643,강감순,2024-03-17,201000
644,홍길순,2023-02-06,68000
645,강감순,2023-11-02,215000
646,김구,2023-07-01,365000
647,강감순,2023-04-06,365000
648,강감순,2024-04-09,126000
649,이순신,2023-04-09,224000
650,이유신,2024-04-06,308000
651,김구,2023-06-29,109000
652,김유신,2024-03-11,117000
653,유관순,2024-02-21,289000
654,이유신,2024-04-26,384000
655,유관순,2023-08-07,105000
656,이순신,2023-11-01,201000
657,김유신,2023-10-17,333000
658,홍길순,2023-12-02,268000
659,이순신,2023-08-27,85000
660,강감순,2023-03-23,10000
661,이유신,2023-08-28,137000
662,강감순,2024-02-13,263000
663,김유신,2023-11-05,258000
664,홍길순,2023-04-09,63000
665,유관순,2023-07-03,123000
666,김구,2023-10-20,77000
667,유관순,2023-07-20,211000
668,김구,2023-09-13,44000
669,김구,2023-07-25,151000
670,이순신,2024-03-23,305000
671,홍길동,2024-02-15,379000
672,홍길동,2024-04-27,143000
673,김구,2024-01-14,390000
674,김유신,2024-04-28,287000
675,이순신,2023-02-27,380000
676,강감찬,2023-05-03,251000
677,홍길자,2024-01-19,92000
678,홍길동,2024-01-02,63000
679,강감순,2023-10-19,96000
680,강감순,2024-03-01,27000
681,김유신,2023-10-04,27000
682,이순신,2024-03-28,25000
683,홍길동,2023-02-22,369000
684,홍길순,2023-01-30,148000
685,이순신,2023-09-06,67000
686,강감찬,2023-09-20,251000
687,홍길자,2024-03-11,376000
688,김유신,2023-05-29,391000
689,이유신,2024-02-11,18000
690,유관순,2023-11-14,300000
691,이유신,2023-06-09,159000
692,이유신,2023-02-17,144000
693,김구,2023-10-14,306000
694,이유신,2023-02-02,272000
695,이유신,2023-04-07,377000
696,김구,2024-02-21,356000
697,이유신,2024-01-15,83000
698,홍길동,2024-04-28,106000
699,홍길동,2023-10-16,69000
700,홍길동,2023-04-05,78000
701,홍길자,2023-12-14,278000
702,유관순,2024-02-10,278000
703,김구,2023-08-08,181000
704,홍길동,2023-08-30,194000
705,김유신,2023-11-20,235000
706,김유신,2023-05-28,323000
707,김구,2024-03-16,30000
708,강감순,2023-04-03,287000
709,강감찬,2023-05-14,83000
710,유관순,2023-04-26,342000
711,김유신,2023-07-23,177000
712,강감찬,2023-06-08,167000
713,유관순,2023-07-09,114000
714,홍길순,2023-03-24,348000
715,김구,2023-12-20,42000
716,유관순,2023-01-04,264000
717,홍길자,2024-03-10,121000
718,김유신,2024-03-30,32000
719,유관순,2024-01-27,400000
720,강감찬,2023-11-18,112000
721,강감찬,2023-11-04,20000
722,이유신,2023-10-04,117000
723,이순신,2024-02-20,386000
724,유관순,2024-04-29,52000
725,강감순,2023-08-06,296000
726,김구,2024-04-23,140000
727,이유신,2023-01-11,175000
728,이유신,2023-11-21,246000
729,유관순,2023-01-17,259000
730,홍길자,2024-01-07,377000
731,강감찬,2024-04-20,271000
732,홍길자,2023-05-07,352000
733,홍길동,2023-05-28,333000
734,김구,2023-04-01,141000
735,홍길순,2023-12-05,60000
736,홍길자,2023-10-03,352000
737,유관순,2023-03-29,89000
738,홍길자,2024-01-26,121000
739,강감찬,2023-03-13,271000
740,김구,2024-04-21,270000
741,홍길순,2024-03-07,283000
742,홍길동,2023-12-14,241000
743,유관순,2023-08-27,377000
744,홍길순,2023-12-25,278000
745,이순신,2023-03-17,42000
746,이유신,2023-06-04,305000
747,이순신,2023-11-22,251000
748,강감순,2023-01-10,231000
749,홍길자,2023-12-27,302000
750,홍길자,2023-06-09,179000
751,이순신,2023-09-13,322000
752,이유신,2023-04-23,272000
753,김구,2024-03-05,382000
754,김구,2023-11-10,199000
755,이유신,2023-07-01,233000
756,홍길순,2024-03-11,112000
757,강감찬,2023-08-16,221000
758,강감찬,2023-06-11,77000
759,이순신,2023-05-28,259000
760,홍길동,2023-10-12,94000
761,이유신,2023-08-02,234000
762,강감찬,2024-03-13,20000
763,홍길동,2023-01-22,367000
764,이유신,2023-11-24,50000
765,홍길자,2024-02-16,304000
766,강감찬,2024-02-15,192000
767,이유신,2023-03-19,288000
768,이순신,2023-04-09,359000
769,유관순,2023-04-28,348000
770,김유신,2023-10-14,80000
771,김구,2024-02-22,389000
772,이순신,2023-08-06,145000
773,이순신,2023-08-24,139000
774,강감찬,2023-05-10,171000
775,유관순,2023-01-07,327000
776,홍길자,2023-10-19,7000
777,강감순,2023-12-08,8000
778,유관순,2023-04-07,249000
779,유관순,2023-09-20,343000
780,홍길자,2024-02-03,97000
781,김유신,2023-11-04,399000
782,이순신,2023-01-05,335000
783,홍길동,2023-09-15,238000
784,유관순,2023-07-16,8000
785,홍길자,2023-01-16,33000
786,이유신,2023-05-16,258000
787,홍길동,2023-11-08,290000
788,강감순,2023-09-16,178000
789,이유신,2023-09-29,130000
790,홍길순,2024-01-27,121000
791,유관순,2023-03-21,64000
792,이순신,2023-06-12,8000
793,김구,2024-03-15,205000
794,이유신,2023-02-18,107000
795,홍길순,2024-03-10,31000
796,강감순,2023-07-07,345000
797,김구,2023-08-28,239000
798,유관순,2023-04-28,4000
799,홍길자,2023-02-21,3000
800,홍길자,2023-07-31,131000
801,이순신,2023-12-30,116000
802,홍길자,2023-09-30,245000
803,김구,2023-10-29,328000
804,홍길동,2023-06-17,114000
805,김구,2024-01-19,91000
806,홍길순,2024-01-20,44000
807,홍길자,2023-03-03,271000
808,홍길동,2023-03-11,182000
809,강감찬,2024-02-25,16000
810,이유신,2023-04-03,292000
811,홍길동,2023-06-17,365000
812,홍길자,2024-03-18,372000
813,홍길동,2024-04-17,386000
814,강감순,2023-12-28,139000
815,강감순,2023-03-24,170000
816,홍길순,2023-11-13,300000
817,홍길자,2023-10-21,213000
818,이유신,2023-02-20,382000
819,김구,2024-02-15,338000
820,강감찬,2023-06-20,91000
821,김유신,2023-08-21,165000
822,김구,2024-03-05,198000
823,김유신,2023-07-03,141000
824,홍길자,2023-03-28,142000
825,홍길순,2023-06-11,270000
826,강감찬,2023-04-01,77000
827,홍길순,2023-10-30,35000
828,이유신,2023-02-11,68000
829,홍길동,2024-01-20,246000
830,김구,2023-10-02,260000
831,유관순,2023-01-23,343000
832,김구,2023-06-12,260000
833,김구,2023-06-30,133000
834,유관순,2023-12-15,31000
835,홍길동,2023-03-17,43000
836,이순신,2024-03-31,152000
837,김구,2023-10-15,387000
838,강감찬,2023-12-18,190000
839,김유신,2024-02-29,168000
840,홍길순,2024-02-04,167000
841,김유신,2023-07-24,8000
842,이유신,2023-10-20,146000
843,강감찬,2024-02-13,319000
844,홍길자,2023-03-13,235000
845,강감찬,2023-06-06,80000
846,홍길동,2023-08-21,23000
847,유관순,2023-08-17,129000
848,강감찬,2024-01-16,138000
849,홍길자,2024-02-29,98000
850,홍길자,2024-01-26,163000
851,홍길자,2023-01-11,2000
852,김구,2023-08-28,26000
853,홍길순,2023-01-04,253000
854,유관순,2023-09-28,384000
855,홍길자,2023-09-08,15000
856,홍길순,2024-03-02,63000
857,홍길자,2024-01-07,316000
858,강감찬,2023-10-13,143000
859,이유신,2023-05-09,153000
860,홍길자,2024-02-07,12000
861,홍길자,2023-02-01,3000
862,이순신,2023-01-16,393000
863,김구,2023-11-14,67000
864,이순신,2023-07-02,205000
865,강감찬,2023-04-22,140000
866,김유신,2024-04-19,329000
867,이순신,2024-02-04,193000
868,김구,2024-01-01,123000
869,강감순,2024-01-11,357000
870,김구,2023-02-03,101000
871,김구,2023-11-29,239000
872,이순신,2023-09-16,237000
873,강감순,2024-02-09,128000
874,홍길자,2023-09-19,169000
875,홍길자,2024-04-15,50000
876,이유신,2023-11-05,128000
877,유관순,2023-11-08,233000
878,김유신,2023-04-02,3000
879,이유신,2023-07-01,92000
880,김유신,2024-03-30,275000
881,홍길자,2024-02-14,332000
882,홍길자,2023-12-20,354000
883,홍길자,2023-04-16,197000
884,김구,2023-12-31,300000
885,유관순,2023-12-31,84000
886,강감순,2024-02-28,261000
887,김구,2023-09-17,327000
888,홍길순,2024-02-07,344000
889,홍길동,2023-07-04,203000
890,김구,2023-11-19,158000
891,이유신,2023-02-26,146000
892,강감찬,2023-06-20,376000
893,강감찬,2023-07-05,119000
894,이순신,2024-04-21,97000
895,강감순,2023-10-16,160000
896,홍길자,2024-04-24,266000
897,이순신,2023-09-27,400000
898,김유신,2024-04-21,101000
899,홍길동,2023-10-11,209000
900,강감순,2023-09-24,390000
901,김구,2023-05-24,70000
902,홍길자,2023-01-17,156000
903,홍길자,2023-11-16,25000
904,이유신,2023-12-03,329000
905,홍길순,2023-03-13,349000
906,이순신,2024-02-13,179000
907,홍길자,2024-02-28,159000
908,강감찬,2023-04-10,217000
909,유관순,2023-05-28,103000
910,이순신,2023-09-15,310000
911,유관순,2024-04-16,344000
912,홍길동,2023-04-11,139000
913,강감순,2023-05-25,75000
914,김구,2024-02-09,125000
915,이유신,2023-09-13,298000
916,홍길순,2024-04-08,285000
917,홍길순,2023-08-11,121000
918,이유신,2024-02-04,81000
919,홍길자,2023-04-17,99000
920,홍길동,2024-04-13,348000
921,홍길자,2023-08-07,16000
922,홍길동,2023-12-11,22000
923,이유신,2023-01-13,196000
924,이순신,2023-07-12,250000
925,강감순,2023-09-18,272000
926,유관순,2023-06-25,6000
927,김유신,2023-06-02,199000
928,유관순,2023-11-09,31000
929,김유신,2023-11-16,385000
930,이유신,2023-03-25,248000
931,유관순,2024-04-12,345000
932,이유신,2023-11-07,319000
933,홍길자,2023-05-16,40000
934,김구,2023-11-18,48000
935,강감순,2024-02-03,83000
936,강감찬,2023-03-06,164000
937,유관순,2023-12-02,133000
938,이순신,2024-01-31,65000
939,유관순,2023-07-17,300000
940,강감찬,2023-05-25,217000
941,김유신,2023-08-30,227000
942,유관순,2024-04-12,66000
943,강감찬,2023-05-10,185000
944,김구,2023-03-22,105000
945,강감순,2024-01-13,299000
946,강감찬,2023-07-08,3000
947,이유신,2023-03-21,216000
948,이유신,2023-10-20,208000
949,김구,2023-07-26,67000
950,강감순,2024-01-25,393000
951,홍길동,2023-02-20,190000
952,이유신,2024-02-20,240000
953,이유신,2023-09-12,110000
954,유관순,2023-01-21,179000
955,홍길순,2023-08-10,335000
956,강감찬,2023-04-19,264000
957,유관순,2023-02-23,253000
958,강감순,2023-01-20,379000
959,이순신,2023-06-25,75000
960,홍길순,2023-09-01,245000
961,강감찬,2023-04-12,74000
962,이유신,2024-04-02,303000
963,유관순,2023-12-23,331000
964,김구,2023-10-14,184000
965,홍길자,2024-04-23,43000
966,유관순,2024-02-23,152000
967,강감순,2023-08-21,298000
968,홍길자,2023-08-28,205000
969,유관순,2023-09-24,64000
970,강감순,2023-02-27,241000
971,이유신,2023-07-22,234000
972,홍길동,2023-07-29,192000
973,이유신,2023-03-24,144000
974,홍길자,2024-01-02,315000
975,김유신,2023-03-20,78000
976,이순신,2023-04-17,165000
977,이유신,2023-05-24,209000
978,이순신,2023-05-06,317000
979,이순신,2023-10-15,266000
980,이순신,2024-02-11,345000
981,홍길순,2023-02-07,274000
982,홍길동,2024-03-28,392000
983,홍길자,2023-07-07,289000
984,김유신,2023-01-09,372000
985,김유신,2023-03-06,198000
986,김구,2023-11-10,145000
987,홍길자,2024-01-22,130000
988,이순신,2023-11-19,386000
989,강감순,2023-09-02,125000
990,강감순,2023-03-20,8000
991,이유신,2024-04-20,213000
992,강감찬,2023-04-28,399000
993,강감순,2023-01-01,176000
994,강감순,2023-04-09,74000
995,김유신,2023-06-14,269000
996,홍길자,2024-02-24,376000
997,강감찬,2023-04-27,390000
998,김유신,2023-10-16,165000
999,이유신,2023-01-05,398000
1000,김구,2023-02-12,259000
